index,mid,display_name
17,/t/dd00001,"Baby laughter"
23,/t/dd00002,"Baby cry, infant cry"
72,/m/0jbk,"Animal"
73,/m/068hy,"Domestic animals, pets"
74,/m/0bt9lr,"Dog"
75,/m/05tny_,"Bark"
81,/m/01yrx,"Cat"
87,/m/03k3r,"Horse"
92,/m/0239kh,"Cowbell"
93,/m/068zj,"Pig"
95,/m/03fwl,"Goat"
97,/m/07bgp,"Sheep"
99,/m/09b5t,"Chicken, rooster"
104,/m/09ddx,"Duck"
106,/m/0dbvp,"Goose"
108,/m/01280g,"Wild animals"
111,/m/015p6,"Bird"
115,/m/0h0rv,"Pigeon, dove"
117,/m/04s8yn,"Crow"
119,/m/09d5_,"Owl"
121,/m/05_wcq,"Bird flight, flapping wings"
126,/m/03vt0,"Insect"
127,/m/09xqv,"Cricket"
128,/m/09f96,"Mosquito"
132,/m/09ld4,"Frog"
134,/m/078jl,"Snake"
288,/m/0838f,"Water"
289,/m/06mb1,"Rain"
298,/m/02_41,"Fire"
300,/m/07yv9,"Vehicle"
306,/m/012f08,"Motor vehicle (road)"
307,/m/0k4j,"Car"
310,/m/02mfyn,"Car alarm"
316,/m/07r04,"Truck"
321,/m/01bjv,"Bus"
322,/m/03j1ly,"Emergency vehicle"
323,/m/04qvtq,"Police car (siren)"
324,/m/012n7d,"Ambulance (siren)"
326,/m/04_sv,"Motorcycle"
329,/m/07jdr,"Train"
334,/m/0195fx,"Subway, metro, underground"
341,/m/0199g,"Bicycle"
354,/m/02dgv,"Door"
355,/m/03wwcy,"Doorbell"
359,/m/07r4wb8,"Knock"
466,/m/07pws3f,"Bang"
388,/m/07pp_mv,"Alarm"
395,/m/046dlr,"Alarm clock"
399,/m/01y3hg,"Smoke detector, smoke alarm"
400,/m/0c3f7m,"Fire alarm"
396,/m/03kmc9,"Siren"
500,/m/028v0c,"Silence"
513,/m/096m7z,"Noise"
137,/m/04rlf,"Music"